artifact_set,artifact_type,artifact_main,n_need
Gilded Dreams,Feather,ATK,9
Tenacity of the Milileth,Flower,HP,9
Tenacity of the Milileth,Goblet,HP,9
Gilded Dreams,Flower,HP,8
Gilded Dreams,Sands,EM,8
Crimson Witch of Flames,Goblet,PyroDMG,7
Deepwood Memories,Feather,ATK,7
Tenacity of the Milileth,Circlet,HP,7
Crimson Witch of Flames,Feather,ATK,6
Deepwood Memories,Flower,HP,6
Gilded Dreams,Goblet,EM,6
Blizzard Strayer,Circlet,CritDMG,5
Crimson Witch of Flames,Circlet,CritDMG,5
Crimson Witch of Flames,Flower,HP,5
Emblem of Severed Fate,Flower,HP,5
Gilded Dreams,Circlet,EM,5
Maiden Beloved,Circlet,HealingBonus,5
Ocean-Hued Clam,Feather,ATK,5
Scroll of the Hero of Cinder City,Feather,ATK,5
Tenacity of the Milileth,Feather,ATK,5
Viridescent Venerer,Feather,ATK,5
Viridescent Venerer,Flower,HP,5
A Day Carved From Rising Winds,Feather,ATK,4
A Day Carved From Rising Winds,Flower,HP,4
Blizzard Strayer,Feather,ATK,4
Blizzard Strayer,Flower,HP,4
Emblem of Severed Fate,Feather,ATK,4
Emblem of Severed Fate,Sands,ER,4
Maiden Beloved,Flower,HP,4
Noblesse Oblige,Feather,ATK,4
Ocean-Hued Clam,Circlet,HealingBonus,4
Ocean-Hued Clam,Flower,HP,4
Ocean-Hued Clam,Goblet,HP,4
Scroll of the Hero of Cinder City,Flower,HP,4
A Day Carved From Rising Winds,Sands,ER,3
Blizzard Strayer,Sands,ATK,3
Crimson Witch of Flames,Sands,EM,3
Deepwood Memories,Goblet,EM,3
Deepwood Memories,Goblet,HP,3
Deepwood Memories,Sands,EM,3
Emblem of Severed Fate,Circlet,CritRate,3
Flower of Paradise Lost,Feather,ATK,3
Flower of Paradise Lost,Flower,HP,3
Flower of Paradise Lost,Sands,EM,3
Gilded Dreams,Circlet,CritDMG,3
Husk of Oppulent Dreams,Circlet,DEF,3
Husk of Oppulent Dreams,Goblet,DEF,3
Marechaussee Hunter,Circlet,CritDMG,3
Noblesse Oblige,Flower,HP,3
Noblesse Oblige,Sands,ER,3
Pale Flame,Feather,ATK,3
Pale Flame,Flower,HP,3
Scroll of the Hero of Cinder City,Sands,ER,3
Tenacity of the Milileth,Feather,HP,3
Tenacity of the Milileth,Sands,ATK,3
Thundering Fury,Feather,ATK,3
Vermillion Hereafter,Feather,ATK,3
Vermillion Hereafter,Flower,HP,3
Viridescent Venerer,Goblet,ATK,3
Viridescent Venerer,Goblet,EM,3
Viridescent Venerer,Sands,ER,3
Vourukasha's Glow,Feather,HP,3
Vourukasha's Glow,Goblet,ATK,3
Vourukasha's Glow,Sands,HP,3
Wanderer's Troupe,Circlet,CritDMG,3
Wanderer's Troupe,Feather,ATK,3
A Day Carved From Rising Winds,Circlet,CritRate,2
Archaic Petra,Feather,ATK,2
Aubade of Morningstar and Moon,Circlet,HP,2
Aubade of Morningstar and Moon,Goblet,HP,2
Blizzard Strayer,Goblet,CryoDMG,2
Bloodstained Chivalry,Circlet,CritDMG,2
Bloodstained Chivalry,Goblet,ATK,2
Crimson Witch of Flames,Sands,ATK,2
Deepwood Memories,Circlet,EM,2
Emblem of Severed Fate,Circlet,ER,2
Emblem of Severed Fate,Goblet,ElectroDMG,2
Flower of Paradise Lost,Circlet,EM,2
Flower of Paradise Lost,Goblet,EM,2
Fragment of Harmonic Whimsy,Circlet,CritDMG,2
Gilded Dreams,Circlet,CritRate,2
Golden Troupe,Circlet,CritRate,2
Golden Troupe,Flower,HP,2
Husk of Oppulent Dreams,Flower,HP,2
Husk of Oppulent Dreams,Sands,DEF,2
Husk of Opulent Dreams,Feather,ATK,2
Husk of Opulent Dreams,Flower,HP,2
Husk of Opulent Dreams,Goblet,DEF,2
Long Night's Oath,Circlet,CritDMG,2
Long Night's Oath,Feather,ATK,2
Long Night's Oath,Flower,HP,2
Maiden Beloved,Sands,ATK,2
Maiden Beloved,Sands,HP,2
Night of the Sky's Unveiling,Circlet,CritRate,2
Night of the Sky's Unveiling,Feather,ATK,2
Night of the Sky's Unveiling,Flower,HP,2
Noblesse Obliege,Feather,ATK,2
Noblesse Obliege,Flower,HP,2
Noblesse Oblige,Circlet,EM,2
Noblesse Oblige,Goblet,EM,2
Obsidian Codex,Feather,ATK,2
Ocean-Hued Clam,Sands,ER,2
Ocean-Hued Clam,Sands,HP,2
Pale Flame,Circlet,CritRate,2
Pale Flame,Goblet,PhysicalDMG,2
Retracing Bolide,Sands,DEF,2
Scroll of the Hero of Cinder City,Circlet,CritRate,2
Shimenawa's Reminiscence,Feather,ATK,2
Shimenawa's Reminiscence,Flower,HP,2
Silken Moon's Serenade,Feather,ATK,2
Silken Moon's Serenade,Goblet,EM,2
Song of Day's Past,Circlet,HealingBonus,2
Song of Day's Past,Feather,ATK,2
Song of Day's Past,Flower,HP,2
Tenacity of the Milileth,Sands,ER,2
Thundering Fury,Circlet,CritDMG,2
Thundering Fury,Goblet,ElectroDMG,2
Thundering Fury,Sands,ATK,2
Viridescent Venerer,Circlet,EM,2
Viridescent Venerer,Sands,EM,2
Vourukasha's Glow,Circlet,HP,2
Wanderer's Troupe,Flower,HP,2
A Day Carved From Rising Winds,Circlet,CritDMG,1
A Day Carved From Rising Winds,Goblet,ElectroDMG,1
A Day Carved From Rising Winds,Goblet,HydroDMG,1
A Day Carved From Rising Winds,Goblet,PyroDMG,1
A Day Carved From Rising Winds,Sands,EM-EM-EM,1
A Day Carved From Rising Winds,circlet,ATK,1
A Day Carved From Rising Winds,circlet,DEF,1
A Day Carved From Rising Winds,circlet,EM,1
A Day Carved From Rising Winds,circlet,HP,1
A Day Carved From Rising Winds,circlet,HealingBonus,1
A Day Carved From Rising Winds,circlet,critDMG,1
A Day Carved From Rising Winds,circlet,critRate,1
A Day Carved From Rising Winds,flower,hp,1
A Day Carved From Rising Winds,goblet,ATK,1
A Day Carved From Rising Winds,goblet,AnemoDMG,1
A Day Carved From Rising Winds,goblet,CryoDMG,1
A Day Carved From Rising Winds,goblet,DEF,1
A Day Carved From Rising Winds,goblet,DendroDMG,1
A Day Carved From Rising Winds,goblet,EM,1
A Day Carved From Rising Winds,goblet,ElectroDMG,1
A Day Carved From Rising Winds,goblet,GeoDMG,1
A Day Carved From Rising Winds,goblet,HP,1
A Day Carved From Rising Winds,goblet,HydroDMG,1
A Day Carved From Rising Winds,goblet,PyroDMG,1
A Day Carved From Rising Winds,plume,ATK,1
A Day Carved From Rising Winds,sands,ATK,1
A Day Carved From Rising Winds,sands,DEF,1
A Day Carved From Rising Winds,sands,EM,1
A Day Carved From Rising Winds,sands,ER,1
A Day Carved From Rising Winds,sands,HP,1
A Day Carved from Rising Winds,Circlet,ATK,1
A Day Carved from Rising Winds,Feather,ATK,1
A Day Carved from Rising Winds,Flower,HP,1
A Day Carved from Rising Winds,Goblet,ATK,1
A Day Carved from Rising Winds,Sands,ATK,1
Archaic Petra,Circlet,CritRate,1
Archaic Petra,Circlet,HealingBonus,1
Archaic Petra,Flower,HP,1
Archaic Petra,Goblet,DEF,1
Archaic Petra,Goblet,GeoDMG,1
Archaic Petra,Sands,DEF,1
Archaic Petra,Sands,ER,1
Archaic Petra,circlet,ATK,1
Archaic Petra,circlet,DEF,1
Archaic Petra,circlet,EM,1
Archaic Petra,circlet,HP,1
Archaic Petra,circlet,HealingBonus,1
Archaic Petra,circlet,critDMG,1
Archaic Petra,circlet,critRate,1
Archaic Petra,flower,hp,1
Archaic Petra,goblet,ATK,1
Archaic Petra,goblet,AnemoDMG,1
Archaic Petra,goblet,CryoDMG,1
Archaic Petra,goblet,DEF,1
Archaic Petra,goblet,DendroDMG,1
Archaic Petra,goblet,EM,1
Archaic Petra,goblet,ElectroDMG,1
Archaic Petra,goblet,GeoDMG,1
Archaic Petra,goblet,HP,1
Archaic Petra,goblet,HydroDMG,1
Archaic Petra,goblet,PyroDMG,1
Archaic Petra,plume,ATK,1
Archaic Petra,sands,ATK,1
Archaic Petra,sands,DEF,1
Archaic Petra,sands,EM,1
Archaic Petra,sands,ER,1
Archaic Petra,sands,HP,1
Aubade of Morningstar and Moon,Circlet,CritRate,1
Aubade of Morningstar and Moon,Feather,ATK,1
Aubade of Morningstar and Moon,Flower,HP,1
Aubade of Morningstar and Moon,Goblet,EM,1
Aubade of Morningstar and Moon,Sands,EM,1
Aubade of Morningstar and Moon,Sands,ER,1
Aubade of Morningstar and Moon,Sands,HP,1
Aubade of Morningstar and Moon,circlet,ATK,1
Aubade of Morningstar and Moon,circlet,DEF,1
Aubade of Morningstar and Moon,circlet,EM,1
Aubade of Morningstar and Moon,circlet,HP,1
Aubade of Morningstar and Moon,circlet,HealingBonus,1
Aubade of Morningstar and Moon,circlet,critDMG,1
Aubade of Morningstar and Moon,circlet,critRate,1
Aubade of Morningstar and Moon,flower,hp,1
Aubade of Morningstar and Moon,goblet,ATK,1
Aubade of Morningstar and Moon,goblet,AnemoDMG,1
Aubade of Morningstar and Moon,goblet,CryoDMG,1
Aubade of Morningstar and Moon,goblet,DEF,1
Aubade of Morningstar and Moon,goblet,DendroDMG,1
Aubade of Morningstar and Moon,goblet,EM,1
Aubade of Morningstar and Moon,goblet,ElectroDMG,1
Aubade of Morningstar and Moon,goblet,GeoDMG,1
Aubade of Morningstar and Moon,goblet,HP,1
Aubade of Morningstar and Moon,goblet,HydroDMG,1
Aubade of Morningstar and Moon,goblet,PyroDMG,1
Aubade of Morningstar and Moon,plume,ATK,1
Aubade of Morningstar and Moon,sands,ATK,1
Aubade of Morningstar and Moon,sands,DEF,1
Aubade of Morningstar and Moon,sands,EM,1
Aubade of Morningstar and Moon,sands,ER,1
Aubade of Morningstar and Moon,sands,HP,1
Blizzard Strayer,Goblet,Cryo-DMG,1
Blizzard Strayer,Goblet,EM,1
Blizzard Strayer,Sands,EM,1
Blizzard Strayer,circlet,ATK,1
Blizzard Strayer,circlet,DEF,1
Blizzard Strayer,circlet,EM,1
Blizzard Strayer,circlet,HP,1
Blizzard Strayer,circlet,HealingBonus,1
Blizzard Strayer,circlet,critDMG,1
Blizzard Strayer,circlet,critRate,1
Blizzard Strayer,flower,hp,1
Blizzard Strayer,goblet,ATK,1
Blizzard Strayer,goblet,AnemoDMG,1
Blizzard Strayer,goblet,CryoDMG,1
Blizzard Strayer,goblet,DEF,1
Blizzard Strayer,goblet,DendroDMG,1
Blizzard Strayer,goblet,EM,1
Blizzard Strayer,goblet,ElectroDMG,1
Blizzard Strayer,goblet,GeoDMG,1
Blizzard Strayer,goblet,HP,1
Blizzard Strayer,goblet,HydroDMG,1
Blizzard Strayer,goblet,PyroDMG,1
Blizzard Strayer,plume,ATK,1
Blizzard Strayer,sands,ATK,1
Blizzard Strayer,sands,DEF,1
Blizzard Strayer,sands,EM,1
Blizzard Strayer,sands,ER,1
Blizzard Strayer,sands,HP,1
Blizzard Strayer-Finale of Deep Galleries,Circlet,HP,1
Blizzard Strayer-Finale of Deep Galleries,Feather,ATK,1
Blizzard Strayer-Finale of Deep Galleries,Flower,HP,1
Blizzard Strayer-Finale of Deep Galleries,Goblet,CryoDMG,1
Blizzard Strayer-Finale of Deep Galleries,Sands,EM,1
Bloodstained Chivalry,Feather,ATK,1
Bloodstained Chivalry,Feather,HP,1
Bloodstained Chivalry,Flower,ATK,1
Bloodstained Chivalry,Flower,HP,1
Bloodstained Chivalry,Sands,ATK,1
Bloodstained Chivalry,Sands,PhysicalDMG,1
Crimson Witch of Flames,Circlet,CritRate,1
Crimson Witch of Flames,Circlet,EM,1
Crimson Witch of Flames,Sands,ER,1
Crimson Witch of Flames,Sands,HP,1
Crimson Witch of Flames,circlet,ATK,1
Crimson Witch of Flames,circlet,DEF,1
Crimson Witch of Flames,circlet,EM,1
Crimson Witch of Flames,circlet,HP,1
Crimson Witch of Flames,circlet,HealingBonus,1
Crimson Witch of Flames,circlet,critDMG,1
Crimson Witch of Flames,circlet,critRate,1
Crimson Witch of Flames,flower,hp,1
Crimson Witch of Flames,goblet,ATK,1
Crimson Witch of Flames,goblet,AnemoDMG,1
Crimson Witch of Flames,goblet,CryoDMG,1
Crimson Witch of Flames,goblet,DEF,1
Crimson Witch of Flames,goblet,DendroDMG,1
Crimson Witch of Flames,goblet,EM,1
Crimson Witch of Flames,goblet,ElectroDMG,1
Crimson Witch of Flames,goblet,GeoDMG,1
Crimson Witch of Flames,goblet,HP,1
Crimson Witch of Flames,goblet,HydroDMG,1
Crimson Witch of Flames,goblet,PyroDMG,1
Crimson Witch of Flames,plume,ATK,1
Crimson Witch of Flames,sands,ATK,1
Crimson Witch of Flames,sands,DEF,1
Crimson Witch of Flames,sands,EM,1
Crimson Witch of Flames,sands,ER,1
Crimson Witch of Flames,sands,HP,1
Dawning Frost,Circlet,HP,1
Dawning Frost,Feather,ATK,1
Dawning Frost,Flower,HP,1
Dawning Frost,Goblet,HP,1
Dawning Frost,Sands,ER,1
Deepwood Memories,Circlet,ATK ,1
Deepwood Memories,Circlet,CritRate,1
Deepwood Memories,Circlet,HealingBonus,1
Deepwood Memories,Circlet,HealingBonus ,1
Deepwood Memories,Goblet,ATK,1
Deepwood Memories,Goblet,DendroDMG,1
Deepwood Memories,Sands,ER,1
Deepwood Memories,Sands,HP,1
Deepwood Memories,circlet,ATK,1
Deepwood Memories,circlet,DEF,1
Deepwood Memories,circlet,EM,1
Deepwood Memories,circlet,HP,1
Deepwood Memories,circlet,HealingBonus,1
Deepwood Memories,circlet,critDMG,1
Deepwood Memories,circlet,critRate,1
Deepwood Memories,flower,hp,1
Deepwood Memories,goblet,ATK,1
Deepwood Memories,goblet,AnemoDMG,1
Deepwood Memories,goblet,CryoDMG,1
Deepwood Memories,goblet,DEF,1
Deepwood Memories,goblet,DendroDMG,1
Deepwood Memories,goblet,EM,1
Deepwood Memories,goblet,ElectroDMG,1
Deepwood Memories,goblet,GeoDMG,1
Deepwood Memories,goblet,HP,1
Deepwood Memories,goblet,HydroDMG,1
Deepwood Memories,goblet,PyroDMG,1
Deepwood Memories,plume,ATK,1
Deepwood Memories,sands,ATK,1
Deepwood Memories,sands,DEF,1
Deepwood Memories,sands,EM,1
Deepwood Memories,sands,ER,1
Deepwood Memories,sands,HP,1
Desert Pavilion Chroncile,Circlet,CritDMG,1
Desert Pavilion Chroncile,Feather,ATK,1
Desert Pavilion Chroncile,Flower,HP,1
Desert Pavilion Chroncile,Goblet,AnemoDMG,1
Desert Pavilion Chroncile,Sands,ER,1
Desert Pavillion Chronicle,Circlet,EM,1
Desert Pavillion Chronicle,Feather,ATK,1
Desert Pavillion Chronicle,Flower,HP,1
Desert Pavillion Chronicle,Sands,EM,1
Desert Pavillion Chronicle,circlet,ATK,1
Desert Pavillion Chronicle,circlet,DEF,1
Desert Pavillion Chronicle,circlet,EM,1
Desert Pavillion Chronicle,circlet,HP,1
Desert Pavillion Chronicle,circlet,HealingBonus,1
Desert Pavillion Chronicle,circlet,critDMG,1
Desert Pavillion Chronicle,circlet,critRate,1
Desert Pavillion Chronicle,flower,hp,1
Desert Pavillion Chronicle,goblet,ATK,1
Desert Pavillion Chronicle,goblet,AnemoDMG,1
Desert Pavillion Chronicle,goblet,CryoDMG,1
Desert Pavillion Chronicle,goblet,DEF,1
Desert Pavillion Chronicle,goblet,DendroDMG,1
Desert Pavillion Chronicle,goblet,EM,1
Desert Pavillion Chronicle,goblet,ElectroDMG,1
Desert Pavillion Chronicle,goblet,GeoDMG,1
Desert Pavillion Chronicle,goblet,HP,1
Desert Pavillion Chronicle,goblet,HydroDMG,1
Desert Pavillion Chronicle,goblet,PyroDMG,1
Desert Pavillion Chronicle,plume,ATK,1
Desert Pavillion Chronicle,sands,ATK,1
Desert Pavillion Chronicle,sands,DEF,1
Desert Pavillion Chronicle,sands,EM,1
Desert Pavillion Chronicle,sands,ER,1
Desert Pavillion Chronicle,sands,HP,1
Echoes of An Offering,circlet,ATK,1
Echoes of An Offering,circlet,DEF,1
Echoes of An Offering,circlet,EM,1
Echoes of An Offering,circlet,HP,1
Echoes of An Offering,circlet,HealingBonus,1
Echoes of An Offering,circlet,critDMG,1
Echoes of An Offering,circlet,critRate,1
Echoes of An Offering,flower,hp,1
Echoes of An Offering,goblet,ATK,1
Echoes of An Offering,goblet,AnemoDMG,1
Echoes of An Offering,goblet,CryoDMG,1
Echoes of An Offering,goblet,DEF,1
Echoes of An Offering,goblet,DendroDMG,1
Echoes of An Offering,goblet,EM,1
Echoes of An Offering,goblet,ElectroDMG,1
Echoes of An Offering,goblet,GeoDMG,1
Echoes of An Offering,goblet,HP,1
Echoes of An Offering,goblet,HydroDMG,1
Echoes of An Offering,goblet,PyroDMG,1
Echoes of An Offering,plume,ATK,1
Echoes of An Offering,sands,ATK,1
Echoes of An Offering,sands,DEF,1
Echoes of An Offering,sands,EM,1
Echoes of An Offering,sands,ER,1
Echoes of An Offering,sands,HP,1
Echos of an Offering,Circlet,CritDMG,1
Echos of an Offering,Feather,ATK,1
Echos of an Offering,Flower,HP,1
Echos of an Offering,Goblet,HydroDMG,1
Echos of an Offering,Sands,ATK,1
Emblem of Severed Fate,Circlet,CritDMG,1
Emblem of Severed Fate,Feather,CritRate,1
Emblem of Severed Fate,Feather,HP,1
Emblem of Severed Fate,Flower,ElectroDMG,1
Emblem of Severed Fate,Goblet,ATK,1
Emblem of Severed Fate,Goblet,HP,1
Emblem of Severed Fate,Goblet,HydroDMG,1
Emblem of Severed Fate,Goblet,PyroDMG,1
Emblem of Severed Fate,Sands,ATK,1
Emblem of Severed Fate,Sands,HP,1
Emblem of Severed Fate,circlet,ATK,1
Emblem of Severed Fate,circlet,DEF,1
Emblem of Severed Fate,circlet,EM,1
Emblem of Severed Fate,circlet,HP,1
Emblem of Severed Fate,circlet,HealingBonus,1
Emblem of Severed Fate,circlet,critDMG,1
Emblem of Severed Fate,circlet,critRate,1
Emblem of Severed Fate,flower,hp,1
Emblem of Severed Fate,goblet,ATK,1
Emblem of Severed Fate,goblet,AnemoDMG,1
Emblem of Severed Fate,goblet,CryoDMG,1
Emblem of Severed Fate,goblet,DEF,1
Emblem of Severed Fate,goblet,DendroDMG,1
Emblem of Severed Fate,goblet,EM,1
Emblem of Severed Fate,goblet,ElectroDMG,1
Emblem of Severed Fate,goblet,GeoDMG,1
Emblem of Severed Fate,goblet,HP,1
Emblem of Severed Fate,goblet,HydroDMG,1
Emblem of Severed Fate,goblet,PyroDMG,1
Emblem of Severed Fate,plume,ATK,1
Emblem of Severed Fate,sands,ATK,1
Emblem of Severed Fate,sands,DEF,1
Emblem of Severed Fate,sands,EM,1
Emblem of Severed Fate,sands,ER,1
Emblem of Severed Fate,sands,HP,1
Finale of Deep Galleries,circlet,ATK,1
Finale of Deep Galleries,circlet,DEF,1
Finale of Deep Galleries,circlet,EM,1
Finale of Deep Galleries,circlet,HP,1
Finale of Deep Galleries,circlet,HealingBonus,1
Finale of Deep Galleries,circlet,critDMG,1
Finale of Deep Galleries,circlet,critRate,1
Finale of Deep Galleries,flower,hp,1
Finale of Deep Galleries,goblet,ATK,1
Finale of Deep Galleries,goblet,AnemoDMG,1
Finale of Deep Galleries,goblet,CryoDMG,1
Finale of Deep Galleries,goblet,DEF,1
Finale of Deep Galleries,goblet,DendroDMG,1
Finale of Deep Galleries,goblet,EM,1
Finale of Deep Galleries,goblet,ElectroDMG,1
Finale of Deep Galleries,goblet,GeoDMG,1
Finale of Deep Galleries,goblet,HP,1
Finale of Deep Galleries,goblet,HydroDMG,1
Finale of Deep Galleries,goblet,PyroDMG,1
Finale of Deep Galleries,plume,ATK,1
Finale of Deep Galleries,sands,ATK,1
Finale of Deep Galleries,sands,DEF,1
Finale of Deep Galleries,sands,EM,1
Finale of Deep Galleries,sands,ER,1
Finale of Deep Galleries,sands,HP,1
Finale of Deep Galleries-Blizzard Strayer,Circlet,CritDMG,1
Finale of Deep Galleries-Blizzard Strayer,Feather,ATK,1
Finale of Deep Galleries-Blizzard Strayer,Flower,HP,1
Finale of Deep Galleries-Blizzard Strayer,Goblet,EM,1
Finale of Deep Galleries-Blizzard Strayer,Sands,EM,1
Flower of Paradise Lost,Circlet,CritDMG,1
Flower of Paradise Lost,Circlet,CritRate,1
Flower of Paradise Lost,Goblet,DendroDMG,1
Flower of Paradise Lost,Sands,ER,1
Flower of Paradise Lost,circlet,ATK,1
Flower of Paradise Lost,circlet,DEF,1
Flower of Paradise Lost,circlet,EM,1
Flower of Paradise Lost,circlet,HP,1
Flower of Paradise Lost,circlet,HealingBonus,1
Flower of Paradise Lost,circlet,critDMG,1
Flower of Paradise Lost,circlet,critRate,1
Flower of Paradise Lost,flower,hp,1
Flower of Paradise Lost,goblet,ATK,1
Flower of Paradise Lost,goblet,AnemoDMG,1
Flower of Paradise Lost,goblet,CryoDMG,1
Flower of Paradise Lost,goblet,DEF,1
Flower of Paradise Lost,goblet,DendroDMG,1
Flower of Paradise Lost,goblet,EM,1
Flower of Paradise Lost,goblet,ElectroDMG,1
Flower of Paradise Lost,goblet,GeoDMG,1
Flower of Paradise Lost,goblet,HP,1
Flower of Paradise Lost,goblet,HydroDMG,1
Flower of Paradise Lost,goblet,PyroDMG,1
Flower of Paradise Lost,plume,ATK,1
Flower of Paradise Lost,sands,ATK,1
Flower of Paradise Lost,sands,DEF,1
Flower of Paradise Lost,sands,EM,1
Flower of Paradise Lost,sands,ER,1
Flower of Paradise Lost,sands,HP,1
Fragment of Harmonic Whimsy,Feather,ATK,1
Fragment of Harmonic Whimsy,Flower,HP,1
Fragment of Harmonic Whimsy,Goblet,ElectroDMG,1
Fragment of Harmonic Whimsy,Goblet,HydroDMG,1
Fragment of Harmonic Whimsy,Sands,ATK,1
Fragment of Harmonic Whimsy,Sands,ER,1
Fragment of Harmonic Whimsy,circlet,ATK,1
Fragment of Harmonic Whimsy,circlet,DEF,1
Fragment of Harmonic Whimsy,circlet,EM,1
Fragment of Harmonic Whimsy,circlet,HP,1
Fragment of Harmonic Whimsy,circlet,HealingBonus,1
Fragment of Harmonic Whimsy,circlet,critDMG,1
Fragment of Harmonic Whimsy,circlet,critRate,1
Fragment of Harmonic Whimsy,flower,hp,1
Fragment of Harmonic Whimsy,goblet,ATK,1
Fragment of Harmonic Whimsy,goblet,AnemoDMG,1
Fragment of Harmonic Whimsy,goblet,CryoDMG,1
Fragment of Harmonic Whimsy,goblet,DEF,1
Fragment of Harmonic Whimsy,goblet,DendroDMG,1
Fragment of Harmonic Whimsy,goblet,EM,1
Fragment of Harmonic Whimsy,goblet,ElectroDMG,1
Fragment of Harmonic Whimsy,goblet,GeoDMG,1
Fragment of Harmonic Whimsy,goblet,HP,1
Fragment of Harmonic Whimsy,goblet,HydroDMG,1
Fragment of Harmonic Whimsy,goblet,PyroDMG,1
Fragment of Harmonic Whimsy,plume,ATK,1
Fragment of Harmonic Whimsy,sands,ATK,1
Fragment of Harmonic Whimsy,sands,DEF,1
Fragment of Harmonic Whimsy,sands,EM,1
Fragment of Harmonic Whimsy,sands,ER,1
Fragment of Harmonic Whimsy,sands,HP,1
Gilded Dreams,Circlet,HP,1
Gilded Dreams,Goblet,ATK,1
Gilded Dreams,Goblet,AnemoDMG,1
Gilded Dreams,Goblet,DendroDMG,1
Gilded Dreams,Sands,ATK,1
Gilded Dreams,Sands,HP,1
Gilded Dreams,circlet,ATK,1
Gilded Dreams,circlet,DEF,1
Gilded Dreams,circlet,EM,1
Gilded Dreams,circlet,HP,1
Gilded Dreams,circlet,HealingBonus,1
Gilded Dreams,circlet,critDMG,1
Gilded Dreams,circlet,critRate,1
Gilded Dreams,flower,hp,1
Gilded Dreams,goblet,ATK,1
Gilded Dreams,goblet,AnemoDMG,1
Gilded Dreams,goblet,CryoDMG,1
Gilded Dreams,goblet,DEF,1
Gilded Dreams,goblet,DendroDMG,1
Gilded Dreams,goblet,EM,1
Gilded Dreams,goblet,ElectroDMG,1
Gilded Dreams,goblet,GeoDMG,1
Gilded Dreams,goblet,HP,1
Gilded Dreams,goblet,HydroDMG,1
Gilded Dreams,goblet,PyroDMG,1
Gilded Dreams,plume,ATK,1
Gilded Dreams,sands,ATK,1
Gilded Dreams,sands,DEF,1
Gilded Dreams,sands,EM,1
Gilded Dreams,sands,ER,1
Gilded Dreams,sands,HP,1
Gladiator's Finale,Circlet,ATK,1
Gladiator's Finale,Feather,HP,1
Gladiator's Finale,Flower,ER,1
Gladiator's Finale,Goblet,ATK,1
Gladiator's Finale,Sands,ATK,1
Gladiator's Finale,circlet,ATK,1
Gladiator's Finale,circlet,DEF,1
Gladiator's Finale,circlet,EM,1
Gladiator's Finale,circlet,HP,1
Gladiator's Finale,circlet,HealingBonus,1
Gladiator's Finale,circlet,critDMG,1
Gladiator's Finale,circlet,critRate,1
Gladiator's Finale,flower,hp,1
Gladiator's Finale,goblet,ATK,1
Gladiator's Finale,goblet,AnemoDMG,1
Gladiator's Finale,goblet,CryoDMG,1
Gladiator's Finale,goblet,DEF,1
Gladiator's Finale,goblet,DendroDMG,1
Gladiator's Finale,goblet,EM,1
Gladiator's Finale,goblet,ElectroDMG,1
Gladiator's Finale,goblet,GeoDMG,1
Gladiator's Finale,goblet,HP,1
Gladiator's Finale,goblet,HydroDMG,1
Gladiator's Finale,goblet,PyroDMG,1
Gladiator's Finale,plume,ATK,1
Gladiator's Finale,sands,ATK,1
Gladiator's Finale,sands,DEF,1
Gladiator's Finale,sands,EM,1
Gladiator's Finale,sands,ER,1
Gladiator's Finale,sands,HP,1
Golden Troupe,Goblet,DEF,1
Golden Troupe,Goblet,ElectroDMG,1
Golden Troupe,Sands,DEF,1
Golden Troupe,Sands,ER,1
Golden Troupe,circlet,ATK,1
Golden Troupe,circlet,DEF,1
Golden Troupe,circlet,EM,1
Golden Troupe,circlet,HP,1
Golden Troupe,circlet,HealingBonus,1
Golden Troupe,circlet,critDMG,1
Golden Troupe,circlet,critRate,1
Golden Troupe,flower,hp,1
Golden Troupe,goblet,ATK,1
Golden Troupe,goblet,AnemoDMG,1
Golden Troupe,goblet,CryoDMG,1
Golden Troupe,goblet,DEF,1
Golden Troupe,goblet,DendroDMG,1
Golden Troupe,goblet,EM,1
Golden Troupe,goblet,ElectroDMG,1
Golden Troupe,goblet,GeoDMG,1
Golden Troupe,goblet,HP,1
Golden Troupe,goblet,HydroDMG,1
Golden Troupe,goblet,PyroDMG,1
Golden Troupe,plume,ATK,1
Golden Troupe,sands,ATK,1
Golden Troupe,sands,DEF,1
Golden Troupe,sands,EM,1
Golden Troupe,sands,ER,1
Golden Troupe,sands,HP,1
Heart of Depths,Circlet,CritDMG,1
Heart of Depths,Feather,ATK,1
Heart of Depths,Flower,HP,1
Heart of Depths,Goblet,HydroDMG,1
Heart of Depths,Sands,ATK,1
Heart of Depths,circlet,ATK,1
Heart of Depths,circlet,DEF,1
Heart of Depths,circlet,EM,1
Heart of Depths,circlet,HP,1
Heart of Depths,circlet,HealingBonus,1
Heart of Depths,circlet,critDMG,1
Heart of Depths,circlet,critRate,1
Heart of Depths,flower,hp,1
Heart of Depths,goblet,ATK,1
Heart of Depths,goblet,AnemoDMG,1
Heart of Depths,goblet,CryoDMG,1
Heart of Depths,goblet,DEF,1
Heart of Depths,goblet,DendroDMG,1
Heart of Depths,goblet,EM,1
Heart of Depths,goblet,ElectroDMG,1
Heart of Depths,goblet,GeoDMG,1
Heart of Depths,goblet,HP,1
Heart of Depths,goblet,HydroDMG,1
Heart of Depths,goblet,PyroDMG,1
Heart of Depths,plume,ATK,1
Heart of Depths,sands,ATK,1
Heart of Depths,sands,DEF,1
Heart of Depths,sands,EM,1
Heart of Depths,sands,ER,1
Heart of Depths,sands,HP,1
Heart of Depths-Nymph's Dream,Circlet,CritRate,1
Heart of Depths-Nymph's Dream,Feather,ATK,1
Heart of Depths-Nymph's Dream,Flower,HP,1
Heart of Depths-Nymph's Dream,Goblet,ATK,1
Heart of Depths-Nymph's Dream,Sands,ER,1
Husk of Oppulent Dreams,Circlet,CritDMG,1
Husk of Oppulent Dreams,Feather,DEF,1
Husk of Oppulent Dreams,Goblet,GeoDMG,1
Husk of Oppulent Dreams,Sands,ATK,1
Husk of Opulent Dreams,Circlet,CritRate,1
Husk of Opulent Dreams,Circlet,DEF,1
Husk of Opulent Dreams,Sands,DEF,1
Husk of Opulent Dreams,Sands,ER,1
Husk of Opulent Dreams,circlet,ATK,1
Husk of Opulent Dreams,circlet,DEF,1
Husk of Opulent Dreams,circlet,EM,1
Husk of Opulent Dreams,circlet,HP,1
Husk of Opulent Dreams,circlet,HealingBonus,1
Husk of Opulent Dreams,circlet,critDMG,1
Husk of Opulent Dreams,circlet,critRate,1
Husk of Opulent Dreams,flower,hp,1
Husk of Opulent Dreams,goblet,ATK,1
Husk of Opulent Dreams,goblet,AnemoDMG,1
Husk of Opulent Dreams,goblet,CryoDMG,1
Husk of Opulent Dreams,goblet,DEF,1
Husk of Opulent Dreams,goblet,DendroDMG,1
Husk of Opulent Dreams,goblet,EM,1
Husk of Opulent Dreams,goblet,ElectroDMG,1
Husk of Opulent Dreams,goblet,GeoDMG,1
Husk of Opulent Dreams,goblet,HP,1
Husk of Opulent Dreams,goblet,HydroDMG,1
Husk of Opulent Dreams,goblet,PyroDMG,1
Husk of Opulent Dreams,plume,ATK,1
Husk of Opulent Dreams,sands,ATK,1
Husk of Opulent Dreams,sands,DEF,1
Husk of Opulent Dreams,sands,EM,1
Husk of Opulent Dreams,sands,ER,1
Husk of Opulent Dreams,sands,HP,1
Lavawalker,circlet,ATK,1
Lavawalker,circlet,DEF,1
Lavawalker,circlet,EM,1
Lavawalker,circlet,HP,1
Lavawalker,circlet,HealingBonus,1
Lavawalker,circlet,critDMG,1
Lavawalker,circlet,critRate,1
Lavawalker,flower,hp,1
Lavawalker,goblet,ATK,1
Lavawalker,goblet,AnemoDMG,1
Lavawalker,goblet,CryoDMG,1
Lavawalker,goblet,DEF,1
Lavawalker,goblet,DendroDMG,1
Lavawalker,goblet,EM,1
Lavawalker,goblet,ElectroDMG,1
Lavawalker,goblet,GeoDMG,1
Lavawalker,goblet,HP,1
Lavawalker,goblet,HydroDMG,1
Lavawalker,goblet,PyroDMG,1
Lavawalker,plume,ATK,1
Lavawalker,sands,ATK,1
Lavawalker,sands,DEF,1
Lavawalker,sands,EM,1
Lavawalker,sands,ER,1
Lavawalker,sands,HP,1
Long Night's Oath,Goblet,AnemoDMG,1
Long Night's Oath,Goblet,ElectroDMG,1
Long Night's Oath,Goblet,PhysicalDMG,1
Long Night's Oath,Sands,ATK,1
Long Night's Oath,Sands,ER,1
Long Night's Oath,circlet,ATK,1
Long Night's Oath,circlet,DEF,1
Long Night's Oath,circlet,EM,1
Long Night's Oath,circlet,HP,1
Long Night's Oath,circlet,HealingBonus,1
Long Night's Oath,circlet,critDMG,1
Long Night's Oath,circlet,critRate,1
Long Night's Oath,flower,hp,1
Long Night's Oath,goblet,ATK,1
Long Night's Oath,goblet,AnemoDMG,1
Long Night's Oath,goblet,CryoDMG,1
Long Night's Oath,goblet,DEF,1
Long Night's Oath,goblet,DendroDMG,1
Long Night's Oath,goblet,EM,1
Long Night's Oath,goblet,ElectroDMG,1
Long Night's Oath,goblet,GeoDMG,1
Long Night's Oath,goblet,HP,1
Long Night's Oath,goblet,HydroDMG,1
Long Night's Oath,goblet,PyroDMG,1
Long Night's Oath,plume,ATK,1
Long Night's Oath,sands,ATK,1
Long Night's Oath,sands,DEF,1
Long Night's Oath,sands,EM,1
Long Night's Oath,sands,ER,1
Long Night's Oath,sands,HP,1
Maiden Beloved,Feather,ATK,1
Maiden Beloved,Goblet,ATK,1
Maiden Beloved,Goblet,HP,1
Maiden Beloved,Sands,ER,1
Maiden Beloved,circlet,ATK,1
Maiden Beloved,circlet,DEF,1
Maiden Beloved,circlet,EM,1
Maiden Beloved,circlet,HP,1
Maiden Beloved,circlet,HealingBonus,1
Maiden Beloved,circlet,critDMG,1
Maiden Beloved,circlet,critRate,1
Maiden Beloved,flower,hp,1
Maiden Beloved,goblet,ATK,1
Maiden Beloved,goblet,AnemoDMG,1
Maiden Beloved,goblet,CryoDMG,1
Maiden Beloved,goblet,DEF,1
Maiden Beloved,goblet,DendroDMG,1
Maiden Beloved,goblet,EM,1
Maiden Beloved,goblet,ElectroDMG,1
Maiden Beloved,goblet,GeoDMG,1
Maiden Beloved,goblet,HP,1
Maiden Beloved,goblet,HydroDMG,1
Maiden Beloved,goblet,PyroDMG,1
Maiden Beloved,plume,ATK,1
Maiden Beloved,sands,ATK,1
Maiden Beloved,sands,DEF,1
Maiden Beloved,sands,EM,1
Maiden Beloved,sands,ER,1
Maiden Beloved,sands,HP,1
Marechaussee Hunter,Feather,ATK,1
Marechaussee Hunter,Flower,HP,1
Marechaussee Hunter,Goblet,EM,1
Marechaussee Hunter,Goblet,HydroDMG,1
Marechaussee Hunter,Sands,EM,1
Marechaussee Hunter,Sands,ER,1
Marechaussee Hunter,Sands,HP,1
Marechaussee Hunter,circlet,ATK,1
Marechaussee Hunter,circlet,DEF,1
Marechaussee Hunter,circlet,EM,1
Marechaussee Hunter,circlet,HP,1
Marechaussee Hunter,circlet,HealingBonus,1
Marechaussee Hunter,circlet,critDMG,1
Marechaussee Hunter,circlet,critRate,1
Marechaussee Hunter,flower,hp,1
Marechaussee Hunter,goblet,ATK,1
Marechaussee Hunter,goblet,AnemoDMG,1
Marechaussee Hunter,goblet,CryoDMG,1
Marechaussee Hunter,goblet,DEF,1
Marechaussee Hunter,goblet,DendroDMG,1
Marechaussee Hunter,goblet,EM,1
Marechaussee Hunter,goblet,ElectroDMG,1
Marechaussee Hunter,goblet,GeoDMG,1
Marechaussee Hunter,goblet,HP,1
Marechaussee Hunter,goblet,HydroDMG,1
Marechaussee Hunter,goblet,PyroDMG,1
Marechaussee Hunter,plume,ATK,1
Marechaussee Hunter,sands,ATK,1
Marechaussee Hunter,sands,DEF,1
Marechaussee Hunter,sands,EM,1
Marechaussee Hunter,sands,ER,1
Marechaussee Hunter,sands,HP,1
Night Of the Sky's Unveiling,Circlet,EM,1
Night Of the Sky's Unveiling,Feather,ATK,1
Night Of the Sky's Unveiling,Flower,HP,1
Night Of the Sky's Unveiling,Goblet,EM,1
Night Of the Sky's Unveiling,Sands,EM,1
Night of the Sky's Unveiling,Goblet,DEF,1
Night of the Sky's Unveiling,Goblet,EM,1
Night of the Sky's Unveiling,Sands,DEF,1
Night of the Sky's Unveiling,Sands,EM,1
Night of the Sky's Unveiling,circlet,ATK,1
Night of the Sky's Unveiling,circlet,DEF,1
Night of the Sky's Unveiling,circlet,EM,1
Night of the Sky's Unveiling,circlet,HP,1
Night of the Sky's Unveiling,circlet,HealingBonus,1
Night of the Sky's Unveiling,circlet,critDMG,1
Night of the Sky's Unveiling,circlet,critRate,1
Night of the Sky's Unveiling,flower,hp,1
Night of the Sky's Unveiling,goblet,ATK,1
Night of the Sky's Unveiling,goblet,AnemoDMG,1
Night of the Sky's Unveiling,goblet,CryoDMG,1
Night of the Sky's Unveiling,goblet,DEF,1
Night of the Sky's Unveiling,goblet,DendroDMG,1
Night of the Sky's Unveiling,goblet,EM,1
Night of the Sky's Unveiling,goblet,ElectroDMG,1
Night of the Sky's Unveiling,goblet,GeoDMG,1
Night of the Sky's Unveiling,goblet,HP,1
Night of the Sky's Unveiling,goblet,HydroDMG,1
Night of the Sky's Unveiling,goblet,PyroDMG,1
Night of the Sky's Unveiling,plume,ATK,1
Night of the Sky's Unveiling,sands,ATK,1
Night of the Sky's Unveiling,sands,DEF,1
Night of the Sky's Unveiling,sands,EM,1
Night of the Sky's Unveiling,sands,ER,1
Night of the Sky's Unveiling,sands,HP,1
Nightime Whispers in the Echoing Woods,Circlet,CritRate,1
Nightime Whispers in the Echoing Woods,Feather,ATK,1
Nightime Whispers in the Echoing Woods,Flower,HP,1
Nightime Whispers in the Echoing Woods,Goblet,GeoDMG,1
Nightime Whispers in the Echoing Woods,Sands,ATK,1
Nighttime Whispers in the Echoing Woods,circlet,ATK,1
Nighttime Whispers in the Echoing Woods,circlet,DEF,1
Nighttime Whispers in the Echoing Woods,circlet,EM,1
Nighttime Whispers in the Echoing Woods,circlet,HP,1
Nighttime Whispers in the Echoing Woods,circlet,HealingBonus,1
Nighttime Whispers in the Echoing Woods,circlet,critDMG,1
Nighttime Whispers in the Echoing Woods,circlet,critRate,1
Nighttime Whispers in the Echoing Woods,flower,hp,1
Nighttime Whispers in the Echoing Woods,goblet,ATK,1
Nighttime Whispers in the Echoing Woods,goblet,AnemoDMG,1
Nighttime Whispers in the Echoing Woods,goblet,CryoDMG,1
Nighttime Whispers in the Echoing Woods,goblet,DEF,1
Nighttime Whispers in the Echoing Woods,goblet,DendroDMG,1
Nighttime Whispers in the Echoing Woods,goblet,EM,1
Nighttime Whispers in the Echoing Woods,goblet,ElectroDMG,1
Nighttime Whispers in the Echoing Woods,goblet,GeoDMG,1
Nighttime Whispers in the Echoing Woods,goblet,HP,1
Nighttime Whispers in the Echoing Woods,goblet,HydroDMG,1
Nighttime Whispers in the Echoing Woods,goblet,PyroDMG,1
Nighttime Whispers in the Echoing Woods,plume,ATK,1
Nighttime Whispers in the Echoing Woods,sands,ATK,1
Nighttime Whispers in the Echoing Woods,sands,DEF,1
Nighttime Whispers in the Echoing Woods,sands,EM,1
Nighttime Whispers in the Echoing Woods,sands,ER,1
Nighttime Whispers in the Echoing Woods,sands,HP,1
Noblesse Obliege,Circlet,DEF,1
Noblesse Obliege,Circlet,HealingBonus,1
Noblesse Obliege,Goblet,ATK,1
Noblesse Obliege,Goblet,DEF,1
Noblesse Obliege,Sands,DEF,1
Noblesse Obliege,Sands,ER,1
Noblesse Oblige,Circlet,CritRate,1
Noblesse Oblige,Circlet,HealingBonus,1
Noblesse Oblige,Goblet,ATK,1
Noblesse Oblige,Goblet,CryoDMG,1
Noblesse Oblige,circlet,ATK,1
Noblesse Oblige,circlet,DEF,1
Noblesse Oblige,circlet,EM,1
Noblesse Oblige,circlet,HP,1
Noblesse Oblige,circlet,HealingBonus,1
Noblesse Oblige,circlet,critDMG,1
Noblesse Oblige,circlet,critRate,1
Noblesse Oblige,flower,hp,1
Noblesse Oblige,goblet,ATK,1
Noblesse Oblige,goblet,AnemoDMG,1
Noblesse Oblige,goblet,CryoDMG,1
Noblesse Oblige,goblet,DEF,1
Noblesse Oblige,goblet,DendroDMG,1
Noblesse Oblige,goblet,EM,1
Noblesse Oblige,goblet,ElectroDMG,1
Noblesse Oblige,goblet,GeoDMG,1
Noblesse Oblige,goblet,HP,1
Noblesse Oblige,goblet,HydroDMG,1
Noblesse Oblige,goblet,PyroDMG,1
Noblesse Oblige,plume,ATK,1
Noblesse Oblige,sands,ATK,1
Noblesse Oblige,sands,DEF,1
Noblesse Oblige,sands,EM,1
Noblesse Oblige,sands,ER,1
Noblesse Oblige,sands,HP,1
Nymph's Dream,Circlet,HP,1
Nymph's Dream,Feather,ATK,1
Nymph's Dream,Flower,HP,1
Nymph's Dream,Goblet,HP,1
Nymph's Dream,Sands,HP,1
Nymph's Dream,circlet,ATK,1
Nymph's Dream,circlet,DEF,1
Nymph's Dream,circlet,EM,1
Nymph's Dream,circlet,HP,1
Nymph's Dream,circlet,HealingBonus,1
Nymph's Dream,circlet,critDMG,1
Nymph's Dream,circlet,critRate,1
Nymph's Dream,flower,hp,1
Nymph's Dream,goblet,ATK,1
Nymph's Dream,goblet,AnemoDMG,1
Nymph's Dream,goblet,CryoDMG,1
Nymph's Dream,goblet,DEF,1
Nymph's Dream,goblet,DendroDMG,1
Nymph's Dream,goblet,EM,1
Nymph's Dream,goblet,ElectroDMG,1
Nymph's Dream,goblet,GeoDMG,1
Nymph's Dream,goblet,HP,1
Nymph's Dream,goblet,HydroDMG,1
Nymph's Dream,goblet,PyroDMG,1
Nymph's Dream,plume,ATK,1
Nymph's Dream,sands,ATK,1
Nymph's Dream,sands,DEF,1
Nymph's Dream,sands,EM,1
Nymph's Dream,sands,ER,1
Nymph's Dream,sands,HP,1
Obsidian Codex,Flower,HP,1
Obsidian Codex,Goblet,HydroDMG,1
Obsidian Codex,circlet,ATK,1
Obsidian Codex,circlet,DEF,1
Obsidian Codex,circlet,EM,1
Obsidian Codex,circlet,HP,1
Obsidian Codex,circlet,HealingBonus,1
Obsidian Codex,circlet,critDMG,1
Obsidian Codex,circlet,critRate,1
Obsidian Codex,flower,hp,1
Obsidian Codex,goblet,ATK,1
Obsidian Codex,goblet,AnemoDMG,1
Obsidian Codex,goblet,CryoDMG,1
Obsidian Codex,goblet,DEF,1
Obsidian Codex,goblet,DendroDMG,1
Obsidian Codex,goblet,EM,1
Obsidian Codex,goblet,ElectroDMG,1
Obsidian Codex,goblet,GeoDMG,1
Obsidian Codex,goblet,HP,1
Obsidian Codex,goblet,HydroDMG,1
Obsidian Codex,goblet,PyroDMG,1
Obsidian Codex,plume,ATK,1
Obsidian Codex,sands,ATK,1
Obsidian Codex,sands,DEF,1
Obsidian Codex,sands,EM,1
Obsidian Codex,sands,ER,1
Obsidian Codex,sands,HP,1
Ocean-Hued Clam,Circlet,EM,1
Ocean-Hued Clam,Goblet,EM,1
Ocean-Hued Clam,Sands,EM,1
Ocean-Hued Clam,circlet,ATK,1
Ocean-Hued Clam,circlet,DEF,1
Ocean-Hued Clam,circlet,EM,1
Ocean-Hued Clam,circlet,HP,1
Ocean-Hued Clam,circlet,HealingBonus,1
Ocean-Hued Clam,circlet,critDMG,1
Ocean-Hued Clam,circlet,critRate,1
Ocean-Hued Clam,flower,hp,1
Ocean-Hued Clam,goblet,ATK,1
Ocean-Hued Clam,goblet,AnemoDMG,1
Ocean-Hued Clam,goblet,CryoDMG,1
Ocean-Hued Clam,goblet,DEF,1
Ocean-Hued Clam,goblet,DendroDMG,1
Ocean-Hued Clam,goblet,EM,1
Ocean-Hued Clam,goblet,ElectroDMG,1
Ocean-Hued Clam,goblet,GeoDMG,1
Ocean-Hued Clam,goblet,HP,1
Ocean-Hued Clam,goblet,HydroDMG,1
Ocean-Hued Clam,goblet,PyroDMG,1
Ocean-Hued Clam,plume,ATK,1
Ocean-Hued Clam,sands,ATK,1
Ocean-Hued Clam,sands,DEF,1
Ocean-Hued Clam,sands,EM,1
Ocean-Hued Clam,sands,ER,1
Ocean-Hued Clam,sands,HP,1
Pale Flame,Circlet,CritDMG,1
Pale Flame,Feather,PhysicalDMG,1
Pale Flame,Goblet,ATK,1
Pale Flame,Goblet,CritDMG,1
Pale Flame,Sands,AKT,1
Pale Flame,Sands,ATK,1
Pale Flame,Sands,ER,1
Pale Flame,circlet,ATK,1
Pale Flame,circlet,DEF,1
Pale Flame,circlet,EM,1
Pale Flame,circlet,HP,1
Pale Flame,circlet,HealingBonus,1
Pale Flame,circlet,critDMG,1
Pale Flame,circlet,critRate,1
Pale Flame,flower,hp,1
Pale Flame,goblet,ATK,1
Pale Flame,goblet,AnemoDMG,1
Pale Flame,goblet,CryoDMG,1
Pale Flame,goblet,DEF,1
Pale Flame,goblet,DendroDMG,1
Pale Flame,goblet,EM,1
Pale Flame,goblet,ElectroDMG,1
Pale Flame,goblet,GeoDMG,1
Pale Flame,goblet,HP,1
Pale Flame,goblet,HydroDMG,1
Pale Flame,goblet,PyroDMG,1
Pale Flame,plume,ATK,1
Pale Flame,sands,ATK,1
Pale Flame,sands,DEF,1
Pale Flame,sands,EM,1
Pale Flame,sands,ER,1
Pale Flame,sands,HP,1
Retracing Bolide,Circlet,DEF,1
Retracing Bolide,Circlet,HealingBonus ,1
Retracing Bolide,Feather,ATK,1
Retracing Bolide,Feather,HP,1
Retracing Bolide,Flower,DEF,1
Retracing Bolide,Flower,HP,1
Retracing Bolide,Goblet,ATK,1
Retracing Bolide,Goblet,DEF,1
Retracing Bolide,Sands,ER-ATK-Crit_DMG,1
Retracing Bolide,circlet,ATK,1
Retracing Bolide,circlet,DEF,1
Retracing Bolide,circlet,EM,1
Retracing Bolide,circlet,HP,1
Retracing Bolide,circlet,HealingBonus,1
Retracing Bolide,circlet,critDMG,1
Retracing Bolide,circlet,critRate,1
Retracing Bolide,flower,hp,1
Retracing Bolide,goblet,ATK,1
Retracing Bolide,goblet,AnemoDMG,1
Retracing Bolide,goblet,CryoDMG,1
Retracing Bolide,goblet,DEF,1
Retracing Bolide,goblet,DendroDMG,1
Retracing Bolide,goblet,EM,1
Retracing Bolide,goblet,ElectroDMG,1
Retracing Bolide,goblet,GeoDMG,1
Retracing Bolide,goblet,HP,1
Retracing Bolide,goblet,HydroDMG,1
Retracing Bolide,goblet,PyroDMG,1
Retracing Bolide,plume,ATK,1
Retracing Bolide,sands,ATK,1
Retracing Bolide,sands,DEF,1
Retracing Bolide,sands,EM,1
Retracing Bolide,sands,ER,1
Retracing Bolide,sands,HP,1
Scroll of the Hero of Cider City,Circlet,HealingBonus,1
Scroll of the Hero of Cider City,Feather,ATK,1
Scroll of the Hero of Cider City,Flower,HP,1
Scroll of the Hero of Cider City,Goblet,DEF,1
Scroll of the Hero of Cider City,Sands,DEF,1
Scroll of the Hero of Cinder City,Circlet,ATK,1
Scroll of the Hero of Cinder City,Circlet,EM,1
Scroll of the Hero of Cinder City,Circlet,HealingBonus,1
Scroll of the Hero of Cinder City,Goblet,ATK,1
Scroll of the Hero of Cinder City,Goblet,EM,1
Scroll of the Hero of Cinder City,Goblet,ElectroDMG,1
Scroll of the Hero of Cinder City,Goblet,GeoDMG,1
Scroll of the Hero of Cinder City,Goblet,PyroDMG,1
Scroll of the Hero of Cinder City,Sands,DEF,1
Scroll of the Hero of Cinder City,Sands,EM,1
Scroll of the Hero of Cinder City,circlet,ATK,1
Scroll of the Hero of Cinder City,circlet,DEF,1
Scroll of the Hero of Cinder City,circlet,EM,1
Scroll of the Hero of Cinder City,circlet,HP,1
Scroll of the Hero of Cinder City,circlet,HealingBonus,1
Scroll of the Hero of Cinder City,circlet,critDMG,1
Scroll of the Hero of Cinder City,circlet,critRate,1
Scroll of the Hero of Cinder City,flower,hp,1
Scroll of the Hero of Cinder City,goblet,ATK,1
Scroll of the Hero of Cinder City,goblet,AnemoDMG,1
Scroll of the Hero of Cinder City,goblet,CryoDMG,1
Scroll of the Hero of Cinder City,goblet,DEF,1
Scroll of the Hero of Cinder City,goblet,DendroDMG,1
Scroll of the Hero of Cinder City,goblet,EM,1
Scroll of the Hero of Cinder City,goblet,ElectroDMG,1
Scroll of the Hero of Cinder City,goblet,GeoDMG,1
Scroll of the Hero of Cinder City,goblet,HP,1
Scroll of the Hero of Cinder City,goblet,HydroDMG,1
Scroll of the Hero of Cinder City,goblet,PyroDMG,1
Scroll of the Hero of Cinder City,plume,ATK,1
Scroll of the Hero of Cinder City,sands,ATK,1
Scroll of the Hero of Cinder City,sands,DEF,1
Scroll of the Hero of Cinder City,sands,EM,1
Scroll of the Hero of Cinder City,sands,ER,1
Scroll of the Hero of Cinder City,sands,HP,1
Shimenawa's Reminiscence,Circlet,CritDMG,1
Shimenawa's Reminiscence,Circlet,EM,1
Shimenawa's Reminiscence,Goblet,AnemoDMG,1
Shimenawa's Reminiscence,Goblet,EM,1
Shimenawa's Reminiscence,Sands,ATK,1
Shimenawa's Reminiscence,Sands,EM,1
Shimenawa's Reminiscence,circlet,ATK,1
Shimenawa's Reminiscence,circlet,DEF,1
Shimenawa's Reminiscence,circlet,EM,1
Shimenawa's Reminiscence,circlet,HP,1
Shimenawa's Reminiscence,circlet,HealingBonus,1
Shimenawa's Reminiscence,circlet,critDMG,1
Shimenawa's Reminiscence,circlet,critRate,1
Shimenawa's Reminiscence,flower,hp,1
Shimenawa's Reminiscence,goblet,ATK,1
Shimenawa's Reminiscence,goblet,AnemoDMG,1
Shimenawa's Reminiscence,goblet,CryoDMG,1
Shimenawa's Reminiscence,goblet,DEF,1
Shimenawa's Reminiscence,goblet,DendroDMG,1
Shimenawa's Reminiscence,goblet,EM,1
Shimenawa's Reminiscence,goblet,ElectroDMG,1
Shimenawa's Reminiscence,goblet,GeoDMG,1
Shimenawa's Reminiscence,goblet,HP,1
Shimenawa's Reminiscence,goblet,HydroDMG,1
Shimenawa's Reminiscence,goblet,PyroDMG,1
Shimenawa's Reminiscence,plume,ATK,1
Shimenawa's Reminiscence,sands,ATK,1
Shimenawa's Reminiscence,sands,DEF,1
Shimenawa's Reminiscence,sands,EM,1
Shimenawa's Reminiscence,sands,ER,1
Shimenawa's Reminiscence,sands,HP,1
Silken Moon's Serenade,Circlet,CritRate,1
Silken Moon's Serenade,Circlet,EM,1
Silken Moon's Serenade,Circlet,HP,1
Silken Moon's Serenade,Feather,HP,1
Silken Moon's Serenade,Flower,ER,1
Silken Moon's Serenade,Flower,HP,1
Silken Moon's Serenade,Goblet,ATK,1
Silken Moon's Serenade,Sands,EM,1
Silken Moon's Serenade,Sands,HP,1
Silken Moon's Serenade,circlet,ATK,1
Silken Moon's Serenade,circlet,DEF,1
Silken Moon's Serenade,circlet,EM,1
Silken Moon's Serenade,circlet,HP,1
Silken Moon's Serenade,circlet,HealingBonus,1
Silken Moon's Serenade,circlet,critDMG,1
Silken Moon's Serenade,circlet,critRate,1
Silken Moon's Serenade,flower,hp,1
Silken Moon's Serenade,goblet,ATK,1
Silken Moon's Serenade,goblet,AnemoDMG,1
Silken Moon's Serenade,goblet,CryoDMG,1
Silken Moon's Serenade,goblet,DEF,1
Silken Moon's Serenade,goblet,DendroDMG,1
Silken Moon's Serenade,goblet,EM,1
Silken Moon's Serenade,goblet,ElectroDMG,1
Silken Moon's Serenade,goblet,GeoDMG,1
Silken Moon's Serenade,goblet,HP,1
Silken Moon's Serenade,goblet,HydroDMG,1
Silken Moon's Serenade,goblet,PyroDMG,1
Silken Moon's Serenade,plume,ATK,1
Silken Moon's Serenade,sands,ATK,1
Silken Moon's Serenade,sands,DEF,1
Silken Moon's Serenade,sands,EM,1
Silken Moon's Serenade,sands,ER,1
Silken Moon's Serenade,sands,HP,1
Song of Day's Past,Goblet,ATK,1
Song of Day's Past,Goblet,HP,1
Song of Day's Past,Sands,ATK,1
Song of Day's Past,Sands,HP,1
Song of Day's Past,circlet,ATK,1
Song of Day's Past,circlet,DEF,1
Song of Day's Past,circlet,EM,1
Song of Day's Past,circlet,HP,1
Song of Day's Past,circlet,HealingBonus,1
Song of Day's Past,circlet,critDMG,1
Song of Day's Past,circlet,critRate,1
Song of Day's Past,flower,hp,1
Song of Day's Past,goblet,ATK,1
Song of Day's Past,goblet,AnemoDMG,1
Song of Day's Past,goblet,CryoDMG,1
Song of Day's Past,goblet,DEF,1
Song of Day's Past,goblet,DendroDMG,1
Song of Day's Past,goblet,EM,1
Song of Day's Past,goblet,ElectroDMG,1
Song of Day's Past,goblet,GeoDMG,1
Song of Day's Past,goblet,HP,1
Song of Day's Past,goblet,HydroDMG,1
Song of Day's Past,goblet,PyroDMG,1
Song of Day's Past,plume,ATK,1
Song of Day's Past,sands,ATK,1
Song of Day's Past,sands,DEF,1
Song of Day's Past,sands,EM,1
Song of Day's Past,sands,ER,1
Song of Day's Past,sands,HP,1
Song of Days Past,Circlet,HP,1
Song of Days Past,Feather,ATK,1
Song of Days Past,Flower,HP,1
Song of Days Past,Goblet,HP,1
Song of Days Past,Sands,HP,1
Symphonist of Scent,Circlet,HealingBonus,1
Symphonist of Scent,Feather,ATK,1
Symphonist of Scent,Flower,HP,1
Symphonist of Scent,Goblet,ATK,1
Symphonist of Scent,Sands,ATK,1
Tenacity of the Milileth,Goblet,ATK,1
Tenacity of the Milileth,Sands,HP,1
Tenacity of the Milileth,circlet,ATK,1
Tenacity of the Milileth,circlet,DEF,1
Tenacity of the Milileth,circlet,EM,1
Tenacity of the Milileth,circlet,HP,1
Tenacity of the Milileth,circlet,HealingBonus,1
Tenacity of the Milileth,circlet,critDMG,1
Tenacity of the Milileth,circlet,critRate,1
Tenacity of the Milileth,flower,hp,1
Tenacity of the Milileth,goblet,ATK,1
Tenacity of the Milileth,goblet,AnemoDMG,1
Tenacity of the Milileth,goblet,CryoDMG,1
Tenacity of the Milileth,goblet,DEF,1
Tenacity of the Milileth,goblet,DendroDMG,1
Tenacity of the Milileth,goblet,EM,1
Tenacity of the Milileth,goblet,ElectroDMG,1
Tenacity of the Milileth,goblet,GeoDMG,1
Tenacity of the Milileth,goblet,HP,1
Tenacity of the Milileth,goblet,HydroDMG,1
Tenacity of the Milileth,goblet,PyroDMG,1
Tenacity of the Milileth,plume,ATK,1
Tenacity of the Milileth,sands,ATK,1
Tenacity of the Milileth,sands,DEF,1
Tenacity of the Milileth,sands,EM,1
Tenacity of the Milileth,sands,ER,1
Tenacity of the Milileth,sands,HP,1
Tenacity of the Milileth-Vourukasha's Glow,Circlet,HealingBonus,1
Tenacity of the Milileth-Vourukasha's Glow,Feather,ATK,1
Tenacity of the Milileth-Vourukasha's Glow,Flower,HP,1
Tenacity of the Milileth-Vourukasha's Glow,Goblet,HP,1
Tenacity of the Milileth-Vourukasha's Glow,Sands,ER,1
Thundering Fury,Circlet,EM,1
Thundering Fury,Flower,EHP,1
Thundering Fury,Flower,HP,1
Thundering Fury,Goblet,CritRate,1
Thundering Fury,Goblet,EM,1
Thundering Fury,Sands,EM,1
Thundering Fury,circlet,ATK,1
Thundering Fury,circlet,DEF,1
Thundering Fury,circlet,EM,1
Thundering Fury,circlet,HP,1
Thundering Fury,circlet,HealingBonus,1
Thundering Fury,circlet,critDMG,1
Thundering Fury,circlet,critRate,1
Thundering Fury,flower,hp,1
Thundering Fury,goblet,ATK,1
Thundering Fury,goblet,AnemoDMG,1
Thundering Fury,goblet,CryoDMG,1
Thundering Fury,goblet,DEF,1
Thundering Fury,goblet,DendroDMG,1
Thundering Fury,goblet,EM,1
Thundering Fury,goblet,ElectroDMG,1
Thundering Fury,goblet,GeoDMG,1
Thundering Fury,goblet,HP,1
Thundering Fury,goblet,HydroDMG,1
Thundering Fury,goblet,PyroDMG,1
Thundering Fury,plume,ATK,1
Thundering Fury,sands,ATK,1
Thundering Fury,sands,DEF,1
Thundering Fury,sands,EM,1
Thundering Fury,sands,ER,1
Thundering Fury,sands,HP,1
Thundersoother,circlet,ATK,1
Thundersoother,circlet,DEF,1
Thundersoother,circlet,EM,1
Thundersoother,circlet,HP,1
Thundersoother,circlet,HealingBonus,1
Thundersoother,circlet,critDMG,1
Thundersoother,circlet,critRate,1
Thundersoother,flower,hp,1
Thundersoother,goblet,ATK,1
Thundersoother,goblet,AnemoDMG,1
Thundersoother,goblet,CryoDMG,1
Thundersoother,goblet,DEF,1
Thundersoother,goblet,DendroDMG,1
Thundersoother,goblet,EM,1
Thundersoother,goblet,ElectroDMG,1
Thundersoother,goblet,GeoDMG,1
Thundersoother,goblet,HP,1
Thundersoother,goblet,HydroDMG,1
Thundersoother,goblet,PyroDMG,1
Thundersoother,plume,ATK,1
Thundersoother,sands,ATK,1
Thundersoother,sands,DEF,1
Thundersoother,sands,EM,1
Thundersoother,sands,ER,1
Thundersoother,sands,HP,1
Unfinished Reverie,Circlet,ATK,1
Unfinished Reverie,Flower,HP,1
Unfinished Reverie,circlet,ATK,1
Unfinished Reverie,circlet,DEF,1
Unfinished Reverie,circlet,EM,1
Unfinished Reverie,circlet,HP,1
Unfinished Reverie,circlet,HealingBonus,1
Unfinished Reverie,circlet,critDMG,1
Unfinished Reverie,circlet,critRate,1
Unfinished Reverie,flower,hp,1
Unfinished Reverie,goblet,ATK,1
Unfinished Reverie,goblet,AnemoDMG,1
Unfinished Reverie,goblet,CryoDMG,1
Unfinished Reverie,goblet,DEF,1
Unfinished Reverie,goblet,DendroDMG,1
Unfinished Reverie,goblet,EM,1
Unfinished Reverie,goblet,ElectroDMG,1
Unfinished Reverie,goblet,GeoDMG,1
Unfinished Reverie,goblet,HP,1
Unfinished Reverie,goblet,HydroDMG,1
Unfinished Reverie,goblet,PyroDMG,1
Unfinished Reverie,plume,ATK,1
Unfinished Reverie,sands,ATK,1
Unfinished Reverie,sands,DEF,1
Unfinished Reverie,sands,EM,1
Unfinished Reverie,sands,ER,1
Unfinished Reverie,sands,HP,1
Vermillion Hereafter,Circlet,Crit-DGM,1
Vermillion Hereafter,Circlet,CritRate,1
Vermillion Hereafter,Circlet,ER,1
Vermillion Hereafter,Goblet,ATK,1
Vermillion Hereafter,Goblet,PyroDMG,1
Vermillion Hereafter,Goblet,d,1
Vermillion Hereafter,Sands,ATK,1
Vermillion Hereafter,Sands,EM,1
Vermillion Hereafter,Sands,ER,1
Vermillion Hereafter,circlet,ATK,1
Vermillion Hereafter,circlet,DEF,1
Vermillion Hereafter,circlet,EM,1
Vermillion Hereafter,circlet,HP,1
Vermillion Hereafter,circlet,HealingBonus,1
Vermillion Hereafter,circlet,critDMG,1
Vermillion Hereafter,circlet,critRate,1
Vermillion Hereafter,flower,hp,1
Vermillion Hereafter,goblet,ATK,1
Vermillion Hereafter,goblet,AnemoDMG,1
Vermillion Hereafter,goblet,CryoDMG,1
Vermillion Hereafter,goblet,DEF,1
Vermillion Hereafter,goblet,DendroDMG,1
Vermillion Hereafter,goblet,EM,1
Vermillion Hereafter,goblet,ElectroDMG,1
Vermillion Hereafter,goblet,GeoDMG,1
Vermillion Hereafter,goblet,HP,1
Vermillion Hereafter,goblet,HydroDMG,1
Vermillion Hereafter,goblet,PyroDMG,1
Vermillion Hereafter,plume,ATK,1
Vermillion Hereafter,sands,ATK,1
Vermillion Hereafter,sands,DEF,1
Vermillion Hereafter,sands,EM,1
Vermillion Hereafter,sands,ER,1
Vermillion Hereafter,sands,HP,1
Viridescent Past,Circlet,HealingBonus,1
Viridescent Past,Feather,ATK,1
Viridescent Past,Flower,HP,1
Viridescent Past,Goblet,ATK,1
Viridescent Past,Sands,ATK,1
Viridescent Vener,Circlet,EM,1
Viridescent Vener,Feather,ATK,1
Viridescent Vener,Flower,HP,1
Viridescent Vener,Goblet,EM,1
Viridescent Vener,Sands,EM,1
Viridescent Venerer,Circlet,ATK,1
Viridescent Venerer,Circlet,CritDMG,1
Viridescent Venerer,Circlet,CritRate,1
Viridescent Venerer,Goblet,AnemoDMG,1
Viridescent Venerer,Sands,ATK,1
Viridescent Venerer,circlet,ATK,1
Viridescent Venerer,circlet,DEF,1
Viridescent Venerer,circlet,EM,1
Viridescent Venerer,circlet,HP,1
Viridescent Venerer,circlet,HealingBonus,1
Viridescent Venerer,circlet,critDMG,1
Viridescent Venerer,circlet,critRate,1
Viridescent Venerer,flower,hp,1
Viridescent Venerer,goblet,ATK,1
Viridescent Venerer,goblet,AnemoDMG,1
Viridescent Venerer,goblet,CryoDMG,1
Viridescent Venerer,goblet,DEF,1
Viridescent Venerer,goblet,DendroDMG,1
Viridescent Venerer,goblet,EM,1
Viridescent Venerer,goblet,ElectroDMG,1
Viridescent Venerer,goblet,GeoDMG,1
Viridescent Venerer,goblet,HP,1
Viridescent Venerer,goblet,HydroDMG,1
Viridescent Venerer,goblet,PyroDMG,1
Viridescent Venerer,plume,ATK,1
Viridescent Venerer,sands,ATK,1
Viridescent Venerer,sands,DEF,1
Viridescent Venerer,sands,EM,1
Viridescent Venerer,sands,ER,1
Viridescent Venerer,sands,HP,1
Viridescent Veneter,Circlet,HealingBonus,1
Viridescent Veneter,Feather,ATK,1
Viridescent Veneter,Flower,HP,1
Viridescent Veneter,Goblet,ATK,1
Viridescent Veneter,Sands,ER,1
Vouroukasha's Glow,Circlet,EM,1
Vouroukasha's Glow,Feather,ATK,1
Vouroukasha's Glow,Flower,HP,1
Vouroukasha's Glow,Goblet,EM,1
Vouroukasha's Glow,Sands,EM,1
Vourukasha's Glow,Flower,HP,1
Vourukasha's Glow,circlet,ATK,1
Vourukasha's Glow,circlet,DEF,1
Vourukasha's Glow,circlet,EM,1
Vourukasha's Glow,circlet,HP,1
Vourukasha's Glow,circlet,HealingBonus,1
Vourukasha's Glow,circlet,critDMG,1
Vourukasha's Glow,circlet,critRate,1
Vourukasha's Glow,flower,hp,1
Vourukasha's Glow,goblet,ATK,1
Vourukasha's Glow,goblet,AnemoDMG,1
Vourukasha's Glow,goblet,CryoDMG,1
Vourukasha's Glow,goblet,DEF,1
Vourukasha's Glow,goblet,DendroDMG,1
Vourukasha's Glow,goblet,EM,1
Vourukasha's Glow,goblet,ElectroDMG,1
Vourukasha's Glow,goblet,GeoDMG,1
Vourukasha's Glow,goblet,HP,1
Vourukasha's Glow,goblet,HydroDMG,1
Vourukasha's Glow,goblet,PyroDMG,1
Vourukasha's Glow,plume,ATK,1
Vourukasha's Glow,sands,ATK,1
Vourukasha's Glow,sands,DEF,1
Vourukasha's Glow,sands,EM,1
Vourukasha's Glow,sands,ER,1
Vourukasha's Glow,sands,HP,1
Wanderer's Troupe,Circlet,CritRate,1
Wanderer's Troupe,Goblet,Cryo-DMG,1
Wanderer's Troupe,Goblet,DendroDMG,1
Wanderer's Troupe,Goblet,ElectroDMG,1
Wanderer's Troupe,Sands,ATK,1
Wanderer's Troupe,Sands,EM,1
Wanderer's Troupe,Sands,ER,1
Wanderer's Troupe,circlet,ATK,1
Wanderer's Troupe,circlet,DEF,1
Wanderer's Troupe,circlet,EM,1
Wanderer's Troupe,circlet,HP,1
Wanderer's Troupe,circlet,HealingBonus,1
Wanderer's Troupe,circlet,critDMG,1
Wanderer's Troupe,circlet,critRate,1
Wanderer's Troupe,flower,hp,1
Wanderer's Troupe,goblet,ATK,1
Wanderer's Troupe,goblet,AnemoDMG,1
Wanderer's Troupe,goblet,CryoDMG,1
Wanderer's Troupe,goblet,DEF,1
Wanderer's Troupe,goblet,DendroDMG,1
Wanderer's Troupe,goblet,EM,1
Wanderer's Troupe,goblet,ElectroDMG,1
Wanderer's Troupe,goblet,GeoDMG,1
Wanderer's Troupe,goblet,HP,1
Wanderer's Troupe,goblet,HydroDMG,1
Wanderer's Troupe,goblet,PyroDMG,1
Wanderer's Troupe,plume,ATK,1
Wanderer's Troupe,sands,ATK,1
Wanderer's Troupe,sands,DEF,1
Wanderer's Troupe,sands,EM,1
Wanderer's Troupe,sands,ER,1
Wanderer's Troupe,sands,HP,1
Blizzard Strayer,Sands,ER,0
Deepwood Memories,Circlet,HP,0
Deepwood Memories,Sands,ATK,0
Desert Pavillion Chronicle,Goblet,EM,0
Gilded Dreams,Goblet,HP,0
Gilded Dreams,Sands,ER,0
Golden Troupe,Feather,ATK,0
Husk of Oppulent Dreams,Feather,ATK,0
Maiden Beloved,Goblet,ElectroDMG,0
Marechaussee Hunter,Goblet,ATK,0
Noblesse Oblige,Circlet,ATK,0
Noblesse Oblige,Goblet,HP,0
Noblesse Oblige,Sands,ATK,0
Obsidian Codex,Circlet,CritDMG,0
Obsidian Codex,Circlet,HP,0
Obsidian Codex,Goblet,ATK,0
Obsidian Codex,Sands,ATK,0
Obsidian Codex,Sands,HP,0
Pale Flame,Circlet,ATK,0
Shimenawa's Reminiscence,Circlet,CritRate,0
Shimenawa's Reminiscence,Goblet,PyroDMG,0
Silken Moon's Serenade,Sands,ER,0
Tenacity of the Milileth,Circlet,HealingBonus,0
Unfinished Reverie,Feather,ATK,0
Unfinished Reverie,Goblet,ATK,0
Unfinished Reverie,Sands,ATK,0
Wanderer's Troupe,Goblet,PyroDMG,0
